,Absolute Time,Block,Trial,Color,Trial Time,Phase,Phase Time,Rating
0,25.6866543931,1,1,2,2.49030860141,square,2.49030799791,25
1,25.8116215277,1,1,2,2.61527573643,square,2.61527483072,25
2,25.936685862,1,1,2,2.74034158001,square,2.7403421835,25
3,26.0615965487,1,1,2,2.86525105918,square,2.86525136093,25
4,26.1752547631,1,1,2,2.97891108459,square,2.9789119903,25
5,26.3002741197,1,1,2,3.10392893245,square,3.1039292342,25
6,26.4252983066,1,1,2,3.22895402461,square,3.22895462811,25
7,26.5503593204,1,1,2,3.35401624581,square,3.35401805677,25
8,26.6753228325,1,1,2,3.47897885274,square,3.47898005974,25
9,26.800299325,1,1,2,3.60395383602,square,3.60395413777,25
10,26.9253552072,1,1,2,3.72901152913,square,3.72901273612,26
11,27.0190878785,1,1,2,3.82274389826,square,3.82274420001,26
12,27.1441235361,1,1,2,3.94778076326,square,3.94778287597,26
13,27.2691293089,1,1,2,4.07278532907,square,4.07278623432,27
14,27.394078332,1,1,2,4.19773314474,square,4.19773314474,28
15,27.5191731541,1,1,2,4.32283007959,square,4.32283128705,28
16,27.6441819458,1,1,2,4.44783736207,square,4.44783796556,29
17,27.7691502883,1,1,2,4.57280661026,square,4.57280751551,29
18,27.8941427795,1,1,2,4.6977975918,square,4.69779668609,30
19,28.0191512695,1,1,2,4.82280789316,square,4.82280940237,30
20,28.144147383,1,1,2,4.94780279929,square,4.94780340279,30
21,28.2692068871,1,1,2,5.07286381256,square,5.07286562398,31
22,28.394163759,1,1,2,5.19781947695,square,5.19782008044,31
23,28.519247714,1,1,2,5.3229037337,square,5.32290494116,32
24,28.6442118301,1,1,2,5.44786754809,square,5.44786815206,32
25,28.7692257534,1,1,2,5.57288298104,square,5.57288449025,33
26,28.8942342433,1,1,2,5.69788845209,square,5.69788784813,33
27,29.0193055202,1,1,2,5.82296063472,square,5.82296063472,34
28,29.1441959827,1,1,2,5.94784988929,square,5.94784928579,34
29,29.2692379788,1,1,2,6.07289460255,square,6.07289611176,34
30,29.3942407332,1,1,2,6.19789614948,square,6.19789645122,34
31,29.5193503466,1,1,2,6.32300757384,square,6.32300968701,34
32,29.6442528833,1,1,2,6.44790799776,square,6.44790860126,34
33,29.7692822018,1,1,2,6.57293852326,square,6.57294033421,33
34,29.894257185,1,1,2,6.69791260082,square,6.69791290257,32
35,30.019310954,1,1,2,6.82296938868,square,6.82297150139,32
36,30.1442608829,1,1,2,6.9479169026,square,6.94791811006,31
37,30.2692956342,1,1,2,7.07295105048,square,7.07295195619,30
38,30.3943149913,1,1,2,7.19797252025,square,7.19797372771,30
39,30.5192431859,1,1,2,7.32289950782,square,7.32290071528,29
40,30.6442957474,1,1,2,7.44795116363,square,7.44795206934,29
41,30.7693317067,1,1,2,7.57298893435,square,7.57299074531,28
42,30.894297936,1,1,2,7.69795365399,square,7.69795395574,27
43,31.0192532982,1,1,2,7.82290780917,square,7.8229078087,27
44,31.1443837401,1,1,2,7.94804036384,square,7.94804157084,26
45,31.2693508752,1,1,2,8.07300689491,square,8.07300810236,26
46,31.3942905404,1,1,2,8.1979450509,square,8.1979450509,25
47,31.5193062751,1,1,2,8.32296108734,square,8.32296138909,24
48,31.6444373205,1,1,2,8.44809484947,square,8.44809635868,23
49,31.7693573651,1,1,2,8.57301368657,square,8.57301489403,22
50,31.8943552896,1,1,2,8.69801100763,square,8.69801130937,22
51,32.0193879283,1,1,2,8.82304425025,square,8.82304575946,21
52,32.1443870608,1,1,2,8.94804428797,square,8.94804579718,21
53,32.2693412155,1,1,2,9.07299572602,square,9.07299572602,21
54,32.3943970976,1,1,2,9.19805372087,square,9.19805492833,21
55,32.5193763068,1,1,2,9.32303202478,square,9.32303262828,21
56,32.6445176154,1,1,2,9.44817484263,square,9.4481769558,21
57,32.7568817516,1,1,2,9.56053746957,square,9.56053837528,21
58,32.881938539,1,1,2,9.68559606839,square,9.68559818109,21
59,33.0068939016,1,1,2,9.81054961961,square,9.8105508266,21
60,33.1318725073,1,1,2,9.93552701781,square,9.93552701734,21
61,33.256872545,1,1,2,10.0605273573,square,10.0605273573,21
62,33.3819389921,1,1,2,10.1855953136,square,10.1855968228,21
63,33.5068877134,1,1,2,10.3105431297,square,10.3105437332,21
64,33.6206585215,1,1,2,10.4243145417,square,10.424315447,21
65,33.7456277697,1,1,2,10.549282582,square,10.549282582,21
66,33.8706927076,1,1,2,10.6743490291,square,10.6743508405,21
67,33.9956682944,1,1,2,10.7993243146,square,10.7993255216,21
68,34.1206444851,1,1,2,10.9242992979,square,10.9242992974,21
69,34.245685576,1,1,2,11.0493418979,square,11.0493443124,22
70,34.3706831988,1,1,2,11.174338615,square,11.1743392185,22
71,34.4843682786,1,1,2,11.2880242988,square,11.2880255058,23
72,34.6092641745,1,1,2,11.412919289,square,11.4129192885,23
73,34.7343577892,1,1,2,11.5380144129,square,11.5380156199,24
74,34.8593907296,1,1,2,11.6630470515,square,11.6630479568,25
75,34.9902704163,1,1,2,11.793925832,square,11.793926436,26
76,35.109343111,1,1,2,11.9129976216,square,11.9129979233,26
77,35.2343935594,1,1,2,12.0380498813,square,12.0380513906,27
78,35.3593622036,1,1,2,12.1630170164,square,12.1630173181,28
79,35.4843975594,1,1,2,12.2880535792,square,12.2880544844,29
80,35.6093725427,1,1,2,12.4130282607,square,12.4130285624,29
81,35.7344851745,1,1,2,12.5381411943,square,12.5381424017,30
82,35.85940703,1,1,2,12.663062748,square,12.6630636537,31
83,35.9843889563,1,1,2,12.7880443726,square,12.7880446743,31
84,36.1094439328,1,1,2,12.9131002543,square,12.9131017635,32
85,36.2344306884,1,1,2,13.0380861047,square,13.0380867082,33
86,36.3595167566,1,1,2,13.1631754935,square,13.1631767005,33
87,36.4844162748,1,1,2,13.2880722946,square,13.2880731998,34
88,36.6094640065,1,1,2,13.413120328,square,13.4131212337,34
89,36.7344987583,1,1,2,13.5381550798,square,13.538156589,35
90,36.8594909473,1,1,2,13.6631484767,square,13.6631496842,36
91,36.9844650254,1,1,2,13.7881210451,square,13.7881216486,36
92,37.1095224167,1,1,2,13.9131802474,square,13.9131820588,37
93,37.2344916645,1,1,2,14.0381479864,square,14.0381485899,38
94,37.3594784201,1,1,2,14.1631332329,square,14.1631332324,38
95,37.4845499992,1,1,2,14.2882066229,square,14.2882078299,39
96,37.609488457,1,1,2,14.4131450807,square,14.4131462881,39
97,37.734546754,1,1,2,14.5382027738,square,14.5382039812,39
98,37.8595157,1,1,2,14.6631717202,square,14.6631729272,38
99,37.9845284158,1,1,2,14.7881838321,square,14.7881844356,38
100,38.1095613567,1,1,2,14.9132179804,square,14.9132194896,37
101,38.2345309062,1,1,2,15.0381863224,square,15.0381872281,37
102,38.3595852791,1,1,2,15.1632419028,square,15.1632437138,36
103,38.4845563383,1,1,2,15.2882120563,square,15.2882126598,35
104,38.6096448214,1,1,2,15.4133008411,square,15.4133017464,35
105,38.734588109,1,1,2,15.5382444309,square,15.5382456379,34
106,38.8596135029,1,1,2,15.6632698248,square,15.6632707305,34
107,38.9895921345,1,1,2,15.7932472485,square,15.7932469468,33
108,39.1096141823,1,1,2,15.913270806,square,15.9132720134,32
109,39.2345656203,1,1,2,16.0382204331,square,16.0382204326,32
110,39.3595756195,1,1,2,16.1632319414,square,16.1632328467,32
111,39.4846212384,1,1,2,16.2882766547,square,16.2882775599,31
112,39.6095781098,1,1,2,16.4132347335,square,16.4132362427,31
113,39.7346424442,1,1,2,16.5382984639,square,16.5382996714,30
114,39.8596171252,1,1,2,16.6632734472,square,16.6632743524,29
115,39.9846328599,1,1,2,16.7882882762,square,16.7882891814,29
116,40.1097020237,1,1,2,16.9133586474,square,16.9133604583,28
117,40.23464501,1,1,2,17.0383010297,square,17.0383022372,28
118,40.3596767429,1,1,2,17.1633324609,square,17.1633333666,27
119,40.4846973075,1,1,2,17.2883545347,square,17.2883563456,26
120,40.6096252003,1,1,2,17.413281824,square,17.4132827292,26
121,40.7346777618,1,1,2,17.5383340837,square,17.5383355925,25
122,40.8596802144,1,1,2,17.6633356307,square,17.6633359324,25
123,40.9847312667,1,1,2,17.7883881922,square,17.7883893992,24
124,41.1096612727,1,1,2,17.9133169907,square,17.9133175942,24
125,41.2346706679,1,1,2,18.0383263859,square,18.0383272916,23
126,41.3597458689,1,1,2,18.1634024926,square,18.1634043036,23
127,41.4847196448,1,1,2,18.2883759667,square,18.288376872,22
128,41.6097338703,1,1,2,18.413390494,square,18.4133910974,22
129,41.7347345115,1,1,2,18.5383905317,square,18.5383917387,21
130,41.8597405865,1,1,2,18.6633960027,square,18.6633966062,21
131,41.9847164755,1,1,2,18.7883712878,square,18.7883712878,20
132,42.1097406619,1,1,2,18.9133969839,square,18.9133981913,19
133,42.2347545852,1,1,2,19.0384109071,square,19.0384121146,19
134,42.3597431523,1,1,2,19.1633988703,square,19.1633994742,18
135,42.4847513405,1,1,2,19.288405851,square,19.2884061527,18
136,42.6097012693,1,1,2,19.413357289,square,19.4133581948,17
137,42.7348600859,1,1,2,19.5385170113,square,19.5385185205,17
138,42.8597795265,1,1,2,19.6634355467,square,19.6634364519,16
139,42.9897850235,1,1,2,19.793439534,square,19.793439534,16
140,43.109768433,1,1,2,19.9134238493,square,19.9134256607,15
141,43.2347666598,1,1,2,20.0384214721,square,20.0384217738,15
142,43.3598186178,1,1,2,20.1634746375,square,20.163475845,15
143,43.4848243906,1,1,2,20.2884810143,square,20.28848192,14
144,43.6097987704,1,1,2,20.4134547901,square,20.4134556958,14
145,43.7348691416,1,1,2,20.5385257653,square,20.5385275763,13
146,43.8598151463,1,1,2,20.6634705625,square,20.6634714678,13
147,43.9848661986,1,1,2,20.7885231241,square,20.788524935,12
148,44.1097937897,1,1,2,20.913448602,square,20.913448602,12
149,44.2348735188,1,1,2,21.0385298403,square,21.0385310478,11
150,44.3598651043,1,1,2,21.1635208223,square,21.1635217275,11
151,44.4848862723,1,1,2,21.2885407829,square,21.2885407829,11
152,44.6097879033,1,1,2,21.4134433195,square,21.4134433195,10
153,44.7349092891,1,1,2,21.5385653093,square,21.538566818,10
154,44.8598586144,1,1,2,21.6635140306,square,21.6635149359,9
155,44.984855935,1,1,2,21.7885107477,square,21.7885107477,9
156,45.1098475209,1,1,2,21.9135020315,square,21.9135020315,9
157,45.2349009882,1,1,2,22.0385564039,square,22.0385573097,9
158,45.3598955921,1,1,2,22.1635504048,square,22.1635504044,10
159,45.4849457387,1,1,2,22.2886023624,square,22.2886038716,11
160,45.609841031,1,1,2,22.4134958433,square,22.413496145,11
161,45.7349397773,1,1,2,22.5385951931,square,22.5385960988,12
162,45.8599005728,1,1,2,22.6635553855,square,22.6635553851,13
163,45.9849226465,1,1,2,22.7885780628,square,22.7885783645,13
164,46.1099987533,1,1,2,22.9137667636,square,22.9137700838,14
165,46.2349957721,1,1,2,23.0386517923,square,23.0386529993,14
166,46.3599447957,1,1,2,23.1636005137,square,23.1636011172,15
167,46.4849427203,1,1,2,23.2885972308,square,23.2885972308,16
168,46.6099859243,1,1,2,23.4136431515,square,23.4136446607,16
169,46.7350318446,1,1,2,23.5386875626,square,23.53868877,17
170,46.8599989796,1,1,2,23.6636546976,square,23.6636553011,17
171,46.9900325495,1,1,2,23.7936918898,square,23.7936924933,18
172,47.1100953487,1,1,2,23.9137513684,square,23.9137525759,19
173,47.2350295805,1,1,2,24.0386856007,square,24.0386868082,20
174,47.3600386744,1,1,2,24.1636949959,square,24.1636965051,20
175,47.4850000739,1,1,2,24.2886554901,square,24.2886563954,21
176,47.6100200345,1,1,2,24.4136760542,square,24.4136766577,22
177,47.7350502582,1,1,2,24.5387059762,square,24.5387071837,22
178,47.8600801802,1,1,2,24.6637368039,square,24.6637380109,23
179,47.9850663324,1,1,2,24.7887220504,square,24.7887226539,24
180,48.5294826133,1,1,2,25.3331374256,full,0.543197668158,26
181,48.5608049184,1,1,2,25.3644597307,full,0.574520274997,27
182,48.5920028565,1,1,2,25.3956585745,full,0.60571911931,27
183,48.6232406409,1,1,2,25.426897868,full,0.636959318072,27
184,48.6544802361,1,1,2,25.4581347466,full,0.66819468746,27
185,48.6857542433,1,1,2,25.4894093578,full,0.699469902087,27
186,48.71696486,1,1,2,25.5206190688,full,0.730679311324,28
187,48.7482823352,1,1,2,25.551937148,full,0.761997692287,28
188,48.7794787646,1,1,2,25.5831341804,full,0.793195026927,28
189,48.8107077945,1,1,2,25.6143626068,full,0.824422547594,28
190,48.8419914613,1,1,2,25.6456468776,full,0.855707421899,28
191,48.873225925,1,1,2,25.6768813413,full,0.886941885576,28
192,48.9044978195,1,1,2,25.7081535375,full,0.918214383535,29
193,48.9356984748,1,1,2,25.7393526831,full,0.949412925635,29
194,48.9670440229,1,1,2,25.7706991374,full,0.980759681668,29
195,48.9982247553,1,1,2,25.8018789641,full,1.01193920663,29
196,49.0295102336,1,1,2,25.8331656498,full,1.0432261941,29
197,49.0607528472,1,1,2,25.8644079617,full,1.07446880778,29
198,49.091969803,1,1,2,25.8956240118,full,1.10568425432,30
199,49.1232432066,1,1,2,25.9268983211,full,1.13695886545,30
200,49.1544773681,1,1,2,25.9581327843,full,1.16819363087,30
201,49.1857486591,1,1,2,25.9894031696,full,1.19946311042,30
202,49.217014214,1,1,2,26.0206696303,full,1.23073017458,30
203,49.2482601483,1,1,2,26.0519155646,full,1.2619764111,30
204,49.2794656334,1,1,2,26.083120144,full,1.29318008479,31
205,49.310756545,1,1,2,26.1144116595,full,1.32447220385,31
206,49.3421150735,1,1,2,26.1457704897,full,1.35583103402,31
207,49.3732233592,1,1,2,26.1768778698,full,1.38693811232,31
208,49.4045411362,1,1,2,26.2081965525,full,1.41825679503,31
209,49.4357321318,1,1,2,26.2393866428,full,1.44944658317,31
210,49.467011271,1,1,2,26.2706663855,full,1.48072692985,31
211,49.4982647519,1,1,2,26.3019201681,full,1.51198071241,32
212,49.5294983098,1,1,2,26.3331528204,full,1.54321276117,32
213,49.5607786565,1,1,2,26.3644337705,full,1.57449461706,32
214,49.5920064789,1,1,2,26.3956615934,full,1.60572213773,32
215,49.6232068324,1,1,2,26.4268616447,full,1.63692158554,32
216,49.6545596253,1,1,2,26.4582147398,full,1.66827528412,32
217,49.6857509231,1,1,2,26.4894054336,full,1.69946567621,33
218,49.7170463623,1,1,2,26.5207014768,full,1.73076202115,33
219,49.7482932024,1,1,2,26.5519489204,full,1.76200946467,33
220,49.7794920462,1,1,2,26.5831465567,full,1.79320649756,33
221,49.810785071,1,1,2,26.6144401855,full,1.8245007298,33
222,49.8420660212,1,1,2,26.6457214374,full,1.85578228347,33
223,49.8732446404,1,1,2,26.6768991509,full,1.88695909176,33
224,49.9045494376,1,1,2,26.7082042503,full,1.91826479463,34
225,49.9357688082,1,1,2,26.7394242245,full,1.94948446704,34
226,49.9670050829,1,1,2,26.7706592917,full,1.98071953421,34
227,49.9983071634,1,1,2,26.8019625796,full,2.01202312391,34
228,50.0295482678,1,1,2,26.8332036841,full,2.04326453013,34
229,50.0608020504,1,1,2,26.8644562592,full,2.07451619999,34
230,50.0920618707,1,1,2,26.8957169848,full,2.10577752907,35
231,50.1232809392,1,1,2,26.9269360537,full,2.13699659798,35
232,50.1545452871,1,1,2,26.9582013069,full,2.1682621534,35
233,50.1857737135,1,1,2,26.989428224,full,2.19948816486,35
234,50.2170649269,1,1,2,27.0207200414,full,2.23078088742,35
235,50.2483153893,1,1,2,27.0519708055,full,2.26203134982,35
236,50.2795407968,1,1,2,27.0831953073,full,2.29325524811,36
237,50.3108036355,1,1,2,27.1144590518,full,2.32451959606,36
238,50.3421205068,1,1,2,27.1457756213,full,2.3558361656,36
239,50.3732701475,1,1,2,27.1769243563,full,2.38698429707,36
240,50.4045728319,1,1,2,27.208227946,full,2.41828818852,36
241,50.4357885802,1,1,2,27.2394430907,full,2.44950303156,36
242,50.4670656063,1,1,2,27.2707207203,full,2.48078156682,36
243,50.4983082199,1,1,2,27.3019624287,full,2.51202236954,37
244,50.5295903776,1,1,2,27.3332454921,full,2.54330603639,37
245,50.5608006921,1,1,2,27.3644549008,full,2.57451484166,37
246,50.5920819445,1,1,2,27.3957370585,full,2.6057976028,37
247,50.623268412,1,1,2,27.4269244317,full,2.63698497647,37
248,50.6545523806,1,1,2,27.4582071933,full,2.66826713411,37
249,50.685839972,1,1,2,27.489495086,full,2.6995556308,37
250,50.7170753409,1,1,2,27.5207298519,full,2.73078949051,38
251,50.7483493485,1,1,2,27.5520044626,full,2.76206500735,38
252,50.7795644929,1,1,2,27.5832199091,full,2.79328045342,38
253,50.8108065031,1,1,2,27.6144610136,full,2.82452125615,38
254,50.8421004331,1,1,2,27.6457555476,full,2.85581609188,38
255,50.8733152761,1,1,2,27.6769694844,full,2.88702942524,38
256,50.9046569001,1,1,2,27.708313222,full,2.91837376636,38
257,50.9358192189,1,1,2,27.7394737294,full,2.94953367021,39
258,50.9670844725,1,1,2,27.7707395866,full,2.98080013087,39
259,50.9983346327,1,1,2,27.8019891432,full,3.01204908406,39
260,51.0296062254,1,1,2,27.8332613395,full,3.04332218599,39
261,51.0608415944,1,1,2,27.8644961049,full,3.0745560457,39
262,51.092121941,1,1,2,27.8957770551,full,3.10583729763,39
263,51.1233328595,1,1,2,27.9269879735,full,3.13704882003,39
264,51.1546095833,1,1,2,27.958266811,full,3.16832795879,39
265,51.1858265391,1,1,2,27.9894810496,full,3.1995409904,39
266,51.2171174507,1,1,2,28.0207728669,full,3.23083310947,39
267,51.2483383305,1,1,2,28.0519928411,full,3.26205278188,39
268,51.2796298456,1,1,2,28.0832849601,full,3.29334520269,39
269,51.3108301992,1,1,2,28.1144844079,full,3.3245446505,39
270,51.342237629,1,1,2,28.1458930452,full,3.3559532878,39
271,51.3733516503,1,1,2,28.1770058591,full,3.38706610119,38
272,51.4046147903,1,1,2,28.2082711123,full,3.41833195835,38
273,51.4358540839,1,1,2,28.2395085944,full,3.4495685352,38
274,51.4671214502,1,1,2,28.2707771682,full,3.480837713,38
275,51.4983553104,1,1,2,28.3020095187,full,3.51206945954,38
276,51.5296513536,1,1,2,28.3333061659,full,3.54336671019,38
277,51.5608544233,1,1,2,28.3645089343,full,3.57456887467,37
278,51.5921697859,1,1,2,28.3958252021,full,3.60588544467,37
279,51.6232907497,1,1,2,28.4269452603,full,3.63700520108,37
280,51.6546362983,1,1,2,28.4582914123,full,3.66835195664,37
281,51.6858780063,1,1,2,28.4895331208,full,3.69959366508,37
282,51.7171363169,1,1,2,28.5207908275,full,3.73085076828,37
283,51.7484214935,1,1,2,28.5520766075,full,3.76213715179,37
284,51.7796245632,1,1,2,28.5832790737,full,3.79333901452,36
285,51.8109193989,1,1,2,28.6145745134,full,3.82463505771,36
286,51.8421212616,1,1,2,28.6457757722,full,3.85583571298,36
287,51.8733895337,1,1,2,28.67704495,full,3.88710549427,36
288,51.9046433163,1,1,2,28.7082975251,full,3.91835776763,36
289,51.9358934769,1,1,2,28.739548591,full,3.94960913528,36
290,51.9670440229,1,1,2,28.7706982316,full,3.98075847421,35
291,51.9984110035,1,1,2,28.802066118,full,4.0121266623,35
292,52.0296237334,1,1,2,28.8332782439,full,4.04333818424,35
293,52.0610372005,1,1,2,28.8646911071,full,4.07475074613,35
294,52.0820038617,1,1,2,28.8856583727,full,4.09571801126,35
295,52.1034701033,1,1,2,28.9071240104,full,4.11718334723,35
296,52.13479754,1,1,2,28.9384511453,full,4.14851018041,35
297,52.1660757735,1,1,2,28.9697305863,full,4.17979113059,34
298,52.1972830696,1,1,2,29.0009366749,full,4.21099570999,34
299,52.2138736523,1,1,2,29.0175281628,full,4.22758780187,34
300,52.2450314434,1,1,2,29.0486847465,full,4.2587437816,34
301,52.2762136851,1,1,2,29.0798672899,full,4.28992662672,34
302,52.3074393943,1,1,2,29.1110926978,full,4.32115173293,34
303,52.3387632091,1,1,2,29.1424171156,full,4.35247615073,34
304,52.3699907297,1,1,2,29.173646146,full,4.38370669028,34
305,52.4011482187,1,1,2,29.2048030314,full,4.41486357572,34
306,52.4324979931,1,1,2,29.2361528059,full,4.44621335017,34
307,52.4637071006,1,1,2,29.2673616111,full,4.47742185369,34
308,52.4949865416,1,1,2,29.2986416556,full,4.50870219991,34
309,52.5262028934,1,1,2,29.3298574039,full,4.53991764644,34
310,53.0575664025,1,1,2,29.861220913,full,5.07128115557,31
311,53.0887978473,1,1,2,29.89245266,full,5.10251350608,31
312,53.1199734481,1,1,2,29.9236285626,full,5.13368850341,31
313,53.1514068381,1,1,2,29.9550613486,full,5.16512098769,30
314,53.1824985216,1,1,2,29.9861521265,full,5.19621116156,30
315,53.2137945648,1,1,2,30.0174484719,full,5.22750780871,30
316,53.2451141533,1,1,2,30.0487680598,full,5.25882739713,30
317,53.2763129971,1,1,2,30.0799675076,full,5.29002684448,30
318,53.3075199914,1,1,2,30.1111738984,full,5.32123293355,30
319,53.3388972352,1,1,2,30.1425511423,full,5.35261047911,29
320,53.370060158,1,1,2,30.1737137628,full,5.38377279788,29
321,53.401323298,1,1,2,30.204977809,full,5.41503744759,29
322,53.4325423669,1,1,2,30.2361962739,full,5.44625530858,29
323,53.4637463423,1,1,2,30.2674017586,full,5.47746230289,29
324,53.4949925784,1,1,2,30.2986470894,full,5.50870733196,29
325,53.5262886221,1,1,2,30.3299437361,full,5.5400042804,29
326,53.5575140296,1,1,2,30.3611682383,full,5.57122817915,29
327,53.5887765661,1,1,2,30.3924316806,full,5.60249222489,28
328,53.6200339715,1,1,2,30.4236896895,full,5.63375053555,28
329,53.6512388526,1,1,2,30.4548933632,full,5.66495360574,28
330,53.6825315752,1,1,2,30.4861869914,full,5.69624723401,28
331,53.7137593981,1,1,2,30.5174139086,full,5.72747384943,28
332,53.7450614786,1,1,2,30.5487162909,full,5.75877683517,28
333,53.7762886975,1,1,2,30.5799429063,full,5.79000314884,28
334,53.8075436875,1,1,2,30.611198802,full,5.82125934632,27
335,53.8387422296,1,1,2,30.6423967401,full,5.85245668096,27
336,53.8701366796,1,1,2,30.6737920959,full,5.88385233842,27
337,53.9012670009,1,1,2,30.7049215115,full,5.91498145228,27
338,53.9325506678,1,1,2,30.7362057823,full,5.9462666288,27
339,53.9637649069,1,1,2,30.7674194174,full,5.9774793582,27
340,53.9950757413,1,1,2,30.7987305536,full,6.00879109837,27
341,54.0262751891,1,1,2,30.8299296997,full,6.03998994222,26
342,54.0575144826,1,1,2,30.8611702006,full,6.07123074494,26
343,54.0887736985,1,1,2,30.8924285113,full,6.10248845164,26
344,54.1200631009,1,1,2,30.9237182154,full,6.13377875974,26
345,54.1512583224,1,1,2,30.9549128334,full,6.16497277375,26
346,54.1825610069,1,1,2,30.9862161209,full,6.19627696741,26
347,54.2138024131,1,1,2,31.0174566219,full,6.22751686443,26
348,54.2451666771,1,1,2,31.0488220933,full,6.2588826376,25
349,54.2762870369,1,1,2,31.0799418497,full,6.29000179004,25
350,54.307564063,1,1,2,31.1112188757,full,6.3212797218,25
351,54.3387906784,1,1,2,31.1424451889,full,6.35250512976,25
352,54.3700864199,1,1,2,31.1737415339,full,6.38380238041,25
353,54.4012870747,1,1,2,31.2049412834,full,6.41500152601,25
354,54.432609078,1,1,2,31.2362641925,full,6.44632473681,25
355,54.4637858863,1,1,2,31.2674400951,full,6.47750003589,24
356,54.4950671382,1,1,2,31.2987222527,full,6.50878309878,24
357,54.52631428,1,1,2,31.3299687905,full,6.54002873134,24
358,54.557591306,1,1,2,31.3612464205,full,6.57130696485,24
359,54.5887617753,1,1,2,31.3924165876,full,6.60247652838,24
360,54.6200934378,1,1,2,31.423749458,full,6.63381030411,24
361,54.6513161291,1,1,2,31.4549706397,full,6.66503058001,24
362,54.682575949,1,1,2,31.486231063,full,6.6962916078,23
363,54.7138019605,1,1,2,31.5174561692,full,6.72751610959,23
364,54.7451459994,1,1,2,31.5488011139,full,6.75886165816,23
365,54.7763167704,1,1,2,31.5799715831,full,6.79003152344,23
366,54.8075865516,1,1,2,31.6112413644,full,6.82130221045,23
367,54.8387983758,1,1,2,31.6424525846,full,6.85251252539,23
368,54.8701089085,1,1,2,31.67376523,full,6.88382547256,23
369,54.9013249585,1,1,2,31.7049794691,full,6.91503910767,22
370,54.932604399,1,1,2,31.7362595135,full,6.94632005785,22
371,54.9638192421,1,1,2,31.7674737526,full,6.97753369296,22
372,55.0000996138,1,1,2,31.8037541248,full,7.01381436735,22
373,55.0263594082,1,1,2,31.8300145227,full,7.04007476522,22
374,55.0575736472,1,1,2,31.8612284595,full,7.07128840033,22
375,55.0888856892,1,1,2,31.8925408032,full,7.10260134796,21
376,55.1200464987,1,1,2,31.923701915,full,7.13376185531,21
377,55.1513582384,1,1,2,31.9550133529,full,7.16507359548,21
378,55.1825785148,1,1,2,31.9862330253,full,7.19629266392,21
379,55.2138796896,1,1,2,32.0175345019,full,7.22759504663,21
380,55.2451093234,1,1,2,32.0487638339,full,7.25882377476,21
381,55.2763923868,1,1,2,32.0800475008,full,7.29010774335,21
382,55.3076075311,1,1,2,32.1112620416,full,7.32132198242,20
383,55.3388785198,1,1,2,32.1425333321,full,7.35259387689,20
384,55.3701178133,1,1,2,32.1737723239,full,7.38383226469,20
385,55.4013875946,1,1,2,32.2050427087,full,7.41510325344,20
386,55.4325979091,1,1,2,32.2362524197,full,7.44631266221,20
387,55.463872822,1,1,2,32.2675279365,full,7.47758878302,20
388,55.4950251798,1,1,2,32.2986793886,full,7.50873932894,20
389,55.5264205351,1,1,2,32.3300756495,full,7.54013589211,20
390,55.5576136438,1,1,2,32.3612681543,full,7.57132809516,19
391,55.588878897,1,1,2,32.3925340115,full,7.60259425407,19
392,55.6201299629,1,1,2,32.4237841717,full,7.63384411251,19
393,55.6513819345,1,1,2,32.455037049,full,7.66509759333,19
394,55.6826055311,1,1,2,32.4862600421,full,7.69631998241,19
395,55.7139263269,1,1,2,32.5175817432,full,7.72764258971,19
396,55.7451577722,1,1,2,32.5488122827,full,7.75887222355,18
397,55.7764058192,1,1,2,32.5800609337,full,7.79012177978,18
398,55.8076004372,1,1,2,32.6112549477,full,7.82131488854,18
399,55.8389278743,1,1,2,32.6425829884,full,7.85264383489,18
400,55.8700805334,1,1,2,32.673735044,full,7.88379498478,18
401,55.9014067627,1,1,2,32.7050618771,full,7.91512272321,18
402,55.9326234167,1,1,2,32.7362779272,full,7.94633816974,18
403,55.9639264024,1,1,2,32.7675812151,full,7.97764175944,17
404,55.9951140778,1,1,2,32.7987685883,full,8.00882852916,17
405,56.0264167618,1,1,2,32.830072178,full,8.04013272235,17
406,56.0575778731,1,1,2,32.8612323836,full,8.07129292842,17
407,56.0889182901,1,1,2,32.8925734046,full,8.1026339489,17
408,56.120132227,1,1,2,32.9237867375,full,8.13384698005,17
409,56.151424346,1,1,2,32.9550785548,full,8.16513879737,17
410,56.1826892975,1,1,2,32.986344412,full,8.19640525803,17
411,56.2138926694,1,1,2,33.0175471804,full,8.22760712076,17
412,56.2452243324,1,1,2,33.0488794469,full,8.25894029299,17
413,56.2764008385,1,1,2,33.0800556513,full,8.2901155916,17
414,56.3076814869,1,1,2,33.1113366014,full,8.321396844,17
415,56.338880633,1,1,2,33.1425348418,full,8.35259478213,17
416,56.3701857319,1,1,2,33.1738411481,full,8.38390139071,17
417,56.4014141583,1,1,2,33.2050686688,full,8.41512860963,16
418,56.4326860528,1,1,2,33.236340865,full,8.44640171155,16
419,56.463881576,1,1,2,33.2675357847,full,8.47759572556,16
420,56.4951752047,1,1,2,33.2988303187,full,8.50889086304,16
421,56.5264069512,1,1,2,33.3300614618,full,8.54012140259,16
422,56.557693637,1,1,2,33.3613490532,full,8.57140929578,16
423,56.5888933865,1,1,2,33.3925478971,full,8.60260783788,16
424,56.6202498018,1,1,2,33.4239046145,full,8.63396515884,15
425,56.6513940091,1,1,2,33.4550485197,full,8.66510846047,15
426,56.6826822041,1,1,2,33.4863376203,full,8.69639816461,15
427,56.7139118379,1,1,2,33.5175669519,full,8.72762689274,15
428,56.7452688571,1,1,2,33.5489242729,full,8.75898481766,15
429,56.7764547211,1,1,2,33.5801092316,full,8.79016917199,15
430,56.8077112203,1,1,2,33.6113663348,full,8.82142687915,15
431,56.8389692293,1,1,2,33.642623438,full,8.85268337838,14
432,56.8702375009,1,1,2,33.6738926154,full,8.88395315968,14
433,56.901434232,1,1,2,33.7050887425,full,8.91514838161,14
434,56.9327197103,1,1,2,33.7363748243,full,8.94643536909,14
435,56.9639267046,1,1,2,33.7675809134,full,8.97764085373,14
436,56.99520856,1,1,2,33.7988636745,full,9.00892391708,14
437,57.0264246101,1,1,2,33.8300857618,full,9.04014630616,14
438,57.0576986177,1,1,2,33.8613546374,full,9.07141518174,13
439,57.0889345906,1,1,2,33.8925891011,full,9.10264874017,13
440,57.1202149368,1,1,2,33.9238700513,full,9.13393059559,13
441,57.1514343075,1,1,2,33.955088818,full,9.1651487588,13
442,57.1826935238,1,1,2,33.9863480343,full,9.19640827691,13
443,57.2038002489,1,1,2,34.0074550612,full,9.217515002,13
444,57.2252245317,1,1,2,34.0288796457,full,9.23893988831,13
445,57.2575100753,1,1,2,34.0611645859,full,9.27122482844,13
446,57.288728842,1,1,2,34.0923839565,full,9.30244450085,13
447,57.3199062538,1,1,2,34.1235607644,full,9.33362070518,13
448,57.3512035045,1,1,2,34.154858619,full,9.36491916329,12
449,57.3824292142,1,1,2,34.1860837247,full,9.39614366554,12
450,57.4137083534,1,1,2,34.2173634674,full,9.42742401175,12
451,57.4449177622,1,1,2,34.248571971,full,9.45863221353,12
452,57.476210787,1,1,2,34.2798659015,full,9.48992674751,12
453,57.5074232146,1,1,2,34.3110777251,full,9.52113766596,12
454,57.5386929959,1,1,2,34.3423481104,full,9.55240865471,12
455,57.5699377228,1,1,2,34.3735922338,full,9.5836521741,12
456,57.6012102212,1,1,2,34.4048650335,full,9.61492587952,12
457,57.632433516,1,1,2,34.4360877243,full,9.6461476651,12
458,57.6636924301,1,1,2,34.4673475446,full,9.67740808893,12
459,57.6949226675,1,1,2,34.4985768762,full,9.70863711881,12
460,57.7262419541,1,1,2,34.5298973704,full,9.73995791469,12
461,57.7574869827,1,1,2,34.5611414933,full,9.77120173583,13
462,57.7887217482,1,1,2,34.5923768627,full,9.80243740696,13
463,57.8199272333,1,1,2,34.6235814421,full,9.83364138287,13
464,57.8512232765,1,1,2,34.6548786927,full,9.86493923701,13
465,57.8824109514,1,1,2,34.6860654624,full,9.89612540277,13
466,57.9137254083,1,1,2,34.7173805228,full,9.92744106706,13
467,57.9449568535,1,1,2,34.748611364,full,9.95867130486,13
468,57.9763983935,1,1,2,34.780053508,full,9.99011465628,13
469,58.0074297045,1,1,2,34.8110839133,full,10.0211441559,14
470,58.0387212201,1,1,2,34.8423763346,full,10.0524368789,14
471,58.5700551467,1,1,2,35.3737108652,safe,0.0304595865309,14
472,58.6012799507,1,1,2,35.4049359709,safe,0.0616855979897,15
473,58.6325738812,1,1,2,35.4362277882,safe,0.0929759060964,15
474,58.663842455,1,1,2,35.4674975695,safe,0.124245989136,15
475,58.6950479401,1,1,2,35.4987033559,safe,0.155452379491,15
476,58.7263376443,1,1,2,35.5299921548,safe,0.186740272678,15
477,58.757502378,1,1,2,35.5611571902,safe,0.21790651558,15
478,58.7887972137,1,1,2,35.5924517242,safe,0.249200143851,15
479,58.8200374125,1,1,2,35.6236931304,safe,0.280442757998,16
480,58.8513394929,1,1,2,35.6549940035,safe,0.311742121354,16
481,58.882477059,1,1,2,35.6861321735,safe,0.34288119711,16
482,58.9137948365,1,1,2,35.717449347,safe,0.37419776665,16
483,58.9450075659,1,1,2,35.7486626804,safe,0.405411703978,16
484,58.9762981758,1,1,2,35.7799538937,safe,0.436703521293,16
485,59.0075000385,1,1,2,35.8111551525,safe,0.467904176097,17
486,59.0387966852,1,1,2,35.8424524032,safe,0.499201728962,17
487,59.0700009628,1,1,2,35.8736563791,safe,0.530405402649,17
488,59.1013027416,1,1,2,35.9049587613,safe,0.561708086636,17
489,59.1325088302,1,1,2,35.9361636424,safe,0.592912364285,17
490,59.1637982326,1,1,2,35.9674542523,safe,0.624203577638,17
491,59.1949964724,1,1,2,35.9986512852,safe,0.65540030878,17
492,59.2263085144,1,1,2,36.0299642324,safe,0.686713859905,18
493,59.2575511285,1,1,2,36.0612059408,safe,0.717955266126,18
494,59.2888178909,1,1,2,36.0924736089,safe,0.749222934712,18
495,59.3200209611,1,1,2,36.1236760756,safe,0.78042509919,18
496,59.3513097595,1,1,2,36.1549651758,safe,0.811714803334,18
497,59.3825224894,1,1,2,36.1861776034,safe,0.842926627025,18
498,59.413815212,1,1,2,36.2174706282,safe,0.874220255297,18
499,59.4450285453,1,1,2,36.2486839616,safe,0.905432985164,19
500,59.4763460206,1,1,2,36.2800014368,safe,0.936751064379,19
501,59.5075192065,1,1,2,36.3111740192,safe,0.967923042364,19
502,59.5388110238,1,1,2,36.3424670435,safe,0.999216671102,19
503,59.5699624754,1,1,2,36.3736175899,safe,1.03036661353,19
504,59.6013321728,1,1,2,36.4049878907,safe,1.06173721654,19
505,59.6325521469,1,1,2,36.4362072614,safe,1.09295628499,20
506,59.6638161931,1,1,2,36.4674716094,safe,1.12422123645,20
507,59.6950256024,1,1,2,36.4986807164,safe,1.15542943822,20
508,59.7263445868,1,1,2,36.5300003048,safe,1.18674963014,20
509,59.7575989733,1,1,2,36.5612543896,safe,1.21800341317,20
510,59.7888412853,1,1,2,36.5924970033,safe,1.24924663082,20
511,59.8200292625,1,1,2,36.6236843765,safe,1.28043340007,20
512,59.851330739,1,1,2,36.654986457,safe,1.31173578231,20
513,59.8825323,1,1,2,36.686187414,safe,1.34293613583,21
514,59.9138648682,1,1,2,36.7175202845,safe,1.3742702133,21
515,59.9450531472,1,1,2,36.7487088651,safe,1.40545788873,21
516,59.9763476811,1,1,2,36.7800033991,safe,1.43675302621,21
517,60.0075383745,1,1,2,36.811193489,safe,1.46794221085,21
518,60.0388431721,1,1,2,36.8424988901,safe,1.49924851721,21
519,60.070056505,1,1,2,36.8737116195,safe,1.53046064312,21
520,60.1013522465,1,1,2,36.9050079645,safe,1.56175729027,21
521,60.1325803711,1,1,2,36.9362354856,safe,1.59298450919,21
522,60.1638576989,1,1,2,36.9675134169,safe,1.62426274223,22
523,60.195041148,1,1,2,36.9986962625,safe,1.65544528607,22
524,60.2263559066,1,1,2,37.0300116246,safe,1.68676125212,22
525,60.2576425923,1,1,2,37.0612983103,safe,1.71804733388,22
526,60.2888692073,1,1,2,37.0925249257,safe,1.74927425105,22
527,60.3200728814,1,1,2,37.1237276937,safe,1.78047671728,22
528,60.3514139019,1,1,2,37.1550711291,safe,1.81182075618,22
529,60.3825671645,1,1,2,37.186222279,safe,1.84297100082,22
530,60.4138722639,1,1,2,37.2175285853,safe,1.8742782129,23
531,60.4450729191,1,1,2,37.2487277314,safe,1.905476755,23
532,60.4763756031,1,1,2,37.2800316229,safe,1.93678094866,23
533,60.5075762584,1,1,2,37.3112316746,safe,1.967980396,23
534,60.5388626419,1,1,2,37.3425183599,safe,1.99926768523,23
535,60.5700817108,1,1,2,37.3737371271,safe,2.03048615018,23
536,60.6014260515,1,1,2,37.4050826752,safe,2.06183230272,23
537,60.6326028598,1,1,2,37.436258276,safe,2.09300699783,24
538,60.6638675095,1,1,2,37.4675232274,safe,2.124272855,24
539,60.6950621274,1,1,2,37.4987169397,safe,2.15546566155,24
540,60.7263986198,1,1,2,37.5300543383,safe,2.18680366362,24
541,60.7576083308,1,1,2,37.561263747,safe,2.21801307239,24
542,60.7889203727,1,1,2,37.5925760907,safe,2.24932541652,24
543,60.8200911437,1,1,2,37.6237459565,safe,2.28049498005,24
544,60.8513636417,1,1,2,37.6550205676,safe,2.31177019468,24
545,60.882583918,1,1,2,37.6862390325,safe,2.34298805567,25
546,60.9138944508,1,1,2,37.7175498665,safe,2.37429919234,25
547,60.9451020486,1,1,2,37.7487571631,safe,2.40550618619,25
548,60.9764110716,1,1,2,37.7800667901,safe,2.4368161154,25
549,61.0076056896,1,1,2,37.8112611058,safe,2.46800982766,25
550,61.0389017328,1,1,2,37.8425574512,safe,2.49930707831,25
551,61.0700519774,1,1,2,37.8737070914,safe,2.53045581328,25
552,61.1013936014,1,1,2,37.9050505273,safe,2.56180015439,25
553,61.1326144813,1,1,2,37.936269294,safe,2.5930183176,26
554,61.1639322587,1,1,2,37.9675879767,safe,2.62433730206,26
555,61.1951033315,1,1,2,37.9987581437,safe,2.65550716734,26
556,61.2264301647,1,1,2,38.0300861844,safe,2.68683550972,26
557,61.2577023609,1,1,2,38.0613571731,safe,2.71810619673,26
558,61.2889184109,1,1,2,38.0925744306,safe,2.74932375597,26
559,61.320125103,1,1,2,38.1237799157,safe,2.78052863711,26
560,61.3514274857,1,1,2,38.1550829015,safe,2.81183222728,26
561,61.3826299519,1,1,2,38.186285066,safe,2.84303378779,26
562,61.4139576904,1,1,2,38.2176143141,safe,2.87436394114,26
563,61.4451520066,1,1,2,38.2488071211,safe,2.90555584244,26
564,61.4764272212,1,1,2,38.2800829392,safe,2.93683256675,26
565,61.507633612,1,1,2,38.3112890283,safe,2.96803774964,26
566,61.538919392,1,1,2,38.34257511,safe,2.99932443537,26
567,61.5701103876,1,1,2,38.3737658034,safe,3.030514827,26
568,61.6014426542,1,1,2,38.4050986739,safe,3.06184769748,26
569,61.6326644393,1,1,2,38.4363195538,safe,3.0930682756,26
570,61.6639698404,1,1,2,38.4676252566,safe,3.12437488372,26
571,61.6951409131,1,1,2,38.4987960276,safe,3.15554505121,26
572,61.7264478235,1,1,2,38.5301035414,safe,3.18685316853,25
573,61.7576668919,1,1,2,38.5613217046,safe,3.21807072824,25
574,61.7889511627,1,1,2,38.5926071825,safe,3.24935650826,25
575,61.8201373285,1,1,2,38.623792443,safe,3.28054146655,25
576,61.8514714064,1,1,2,38.6551268226,safe,3.31187644973,25
577,61.8680339158,1,1,2,38.6716899355,safe,3.3284392613,25
578,61.8993012821,1,1,2,38.7029570001,safe,3.35970632592,25
579,61.9305061633,1,1,2,38.7341612778,safe,3.39090999961,25
580,61.9618109604,1,1,2,38.7654663767,safe,3.42221570248,24
581,61.9930544798,1,1,2,38.7967092926,safe,3.45345831616,24
582,62.0243164129,1,1,2,38.8279721308,safe,3.4847217584,24
583,62.0555119365,1,1,2,38.8591673528,safe,3.51591637637,24
584,62.0868493346,1,1,2,38.8905047509,safe,3.54725407623,24
585,62.1180693088,1,1,2,38.9217244233,safe,3.57847344689,24
586,62.1493330533,1,1,2,38.9529893748,safe,3.60973900231,24
587,62.180534312,1,1,2,38.9841894265,safe,3.6409381479,24
588,62.2118493724,1,1,2,39.0155053926,safe,3.67225501966,23
589,62.2430735729,1,1,2,39.0467298944,safe,3.70347891795,23
590,62.2743515042,1,1,2,39.0780075244,safe,3.73475715145,23
591,62.3055455186,1,1,2,39.1092006327,safe,3.76594965626,23
592,62.3368219407,1,1,2,39.1404779609,safe,3.79722788977,23
593,62.3680902128,1,1,2,39.1717453273,safe,3.82849404868,23
594,62.3993228651,1,1,2,39.2029782813,safe,3.85972790886,23
595,62.4305540086,1,1,2,39.2342091226,safe,3.89095784444,23
596,62.4618394864,1,1,2,39.2654952044,safe,3.92224483192,23
597,62.4930507066,1,1,2,39.2967055193,safe,3.95345454291,23
598,62.5243413164,1,1,2,39.3279973366,safe,3.98474696372,23
599,62.5555489147,1,1,2,39.3592040287,safe,4.01595305232,23
600,62.5867863968,1,1,2,39.3904424165,safe,4.04719204409,23
601,62.6180582913,1,1,2,39.4217131035,safe,4.07846212713,24
602,62.6493754648,1,1,2,39.4530311828,safe,4.10978050809,24
603,62.6805631397,1,1,2,39.484218556,safe,4.14096788131,24
604,62.7118320153,1,1,2,39.5154877333,safe,4.17223736085,24
605,62.7429919192,1,1,2,39.5466467319,safe,4.2033957555,24
606,62.7743839542,1,1,2,39.5780402762,safe,4.23478960153,24
607,62.8055803836,1,1,2,39.6092351959,safe,4.2659842195,25
608,62.8368613338,1,1,2,39.6405173535,safe,4.2972669811,25
609,62.8681715643,1,1,2,39.671826377,safe,4.32857540064,25
610,62.8993535042,1,1,2,39.7030095239,safe,4.35975945322,25
611,62.9305638187,1,1,2,39.7342189332,safe,4.39096825849,25
612,62.9618668049,1,1,2,39.7655225229,safe,4.42227184819,25
613,62.9981755521,1,1,2,39.8018309684,safe,4.45857999194,25
614,63.0243659182,1,1,2,39.8280216362,safe,4.48477126332,25
615,63.0555711011,1,1,2,39.8592262156,safe,4.51597523922,26
616,63.0869278186,1,1,2,39.8905838383,safe,4.54733316414,26
617,63.1181046269,1,1,2,39.9217594392,safe,4.57850846276,26
618,63.1493867845,1,1,2,39.9530428043,safe,4.6097921296,26
619,63.1805871376,1,1,2,39.9842419503,safe,4.64099097345,26
620,63.2118810681,1,1,2,40.0155367861,safe,4.67228641314,26
621,63.2430708562,1,1,2,40.0467259702,safe,4.70347469207,26
622,63.2743979911,1,1,2,40.0780540109,safe,4.73480333621,27
623,63.3056215877,1,1,2,40.1092767017,safe,4.76602542354,27
624,63.3368786909,1,1,2,40.1405347106,safe,4.79728433769,27
625,63.368167791,1,1,2,40.1718229055,safe,4.82857192913,27
626,63.3993756911,1,1,2,40.2030314091,safe,4.8597807344,27
627,63.4305866095,1,1,2,40.2342417235,safe,4.89099074714,27
628,63.4618901992,1,1,2,40.2655456155,safe,4.92229524255,27
629,63.49310474,1,1,2,40.2967598541,safe,4.95350917988,27
630,63.5244219135,1,1,2,40.3280773298,safe,4.98482695688,28
631,63.5556126074,1,1,2,40.3592674197,safe,5.01601614151,28
632,63.5868374114,1,1,2,40.3904937329,safe,5.04724305822,28
633,63.6180462167,1,1,2,40.4217016329,safe,5.07845035428,28
634,63.6494077635,1,1,2,40.4530640855,safe,5.10981371254,28
635,63.6806153618,1,1,2,40.4842701741,safe,5.14101919765,28
636,63.7118893689,1,1,2,40.5155450869,safe,5.17229471449,29
637,63.7431202102,1,1,2,40.546775023,safe,5.20352404611,29
638,63.7744156499,1,1,2,40.5780710662,safe,5.23482039152,29
639,63.8056202293,1,1,2,40.6092753434,safe,5.2660240652,29
640,63.8369057071,1,1,2,40.6405620291,safe,5.29731165618,29
641,63.8680900619,1,1,2,40.6717451764,safe,5.32849420002,29
642,63.8994030096,1,1,2,40.7030587276,safe,5.35980835464,29
643,63.9306190596,1,1,2,40.7342738719,safe,5.39102259371,29
644,63.9619464963,1,1,2,40.7656019125,safe,5.42235184135,30
645,63.9931302471,1,1,2,40.7967853616,safe,5.45353408298,30
646,64.0244314219,1,1,2,40.8280874421,safe,5.48483676743,30
647,64.0556429443,1,1,2,40.8592980583,safe,5.51604708191,30
648,64.0869371761,1,1,2,40.8905931963,safe,5.5473425216,30
649,64.118132398,1,1,2,40.9217875125,safe,5.57853623386,30
650,64.1494387044,1,1,2,40.9530950263,safe,5.60984435165,30
651,64.1806650176,1,1,2,40.9843198303,safe,5.64106855216,31
652,64.2119299695,1,1,2,41.0155853857,safe,5.67233531456,31
653,64.2431257949,1,1,2,41.0467803054,safe,5.70352932904,31
654,64.2744290824,1,1,2,41.0780851026,safe,5.73483442795,31
655,64.3056520754,1,1,2,41.1093074917,safe,5.76605651528,31
656,64.3369291015,1,1,2,41.1405848195,safe,5.79733414482,31
657,64.3682408417,1,1,2,41.1718959557,safe,5.82864497928,31
658,64.3994478355,1,1,2,41.203103554,safe,5.85985318106,31
659,64.4306391333,1,1,2,41.2342939456,safe,5.89104296919,32
660,64.4619771349,1,1,2,41.2656328534,safe,5.92238217872,32
661,64.4931527358,1,1,2,41.2968078502,safe,5.95355687384,32
662,64.5244511939,1,1,2,41.3281069119,safe,5.98485653941,32
663,64.555664829,1,1,2,41.3593202452,safe,6.01606926881,32
664,64.586903519,1,1,2,41.3905601422,safe,6.04730976978,32
665,64.6181751112,1,1,2,41.4218305275,safe,6.07857924933,32
666,64.6494584763,1,1,2,41.4531144961,safe,6.10986382188,32
667,64.6806847895,1,1,2,41.484339904,safe,6.14108862588,33
668,64.7119545708,1,1,2,41.515610591,safe,6.17235991638,33
669,64.7431558301,1,1,2,41.5468106424,safe,6.20355936419,33
670,64.7744844742,1,1,2,41.5781401922,safe,6.23488981929,33
671,64.8056766773,1,1,2,41.6093320935,safe,6.26608111709,33
672,64.8369814744,1,1,2,41.6406374942,safe,6.2973868195,33
673,64.8681703568,1,1,2,41.6718251696,safe,6.32857419318,33
674,64.8903381233,1,1,2,41.6939932378,safe,6.35074226139,34
675,64.9216338648,1,1,2,41.7252895827,safe,6.38203890808,34
676,64.9528366332,1,1,2,41.7564917472,safe,6.41324046906,34
677,64.9841565234,1,1,2,41.7878122414,safe,6.44456156669,34
678,65.0153278979,1,1,2,41.8189833141,safe,6.47573203593,34
679,65.0466474863,1,1,2,41.8503038082,safe,6.50705313357,34
680,65.0778421042,1,1,2,41.8814975205,safe,6.53824684583,34
681,65.1091478071,1,1,2,41.9128038269,safe,6.56955345441,34
682,65.1403611405,1,1,2,41.9440162545,safe,6.6007652781,35
683,65.1716429959,1,1,2,41.9752987144,safe,6.63204864319,35
684,65.2028472736,1,1,2,42.006502388,safe,6.66325110942,35
685,65.234149958,1,1,2,42.0378062795,safe,6.69455560483,35
686,65.2654381525,1,1,2,42.069093267,safe,6.72584229056,35
687,65.2966493731,1,1,2,42.1003050911,safe,6.75705471821,35
688,65.3278433871,1,1,2,42.1314988034,safe,6.78824782697,35
689,65.3591539199,1,1,2,42.1628096378,safe,6.81955896318,36
690,65.3903886853,1,1,2,42.1940437993,safe,6.85079282289,36
691,65.4216620889,1,1,2,42.2253178069,safe,6.88206743402,36
692,65.4528591218,1,1,2,42.2565145381,safe,6.91326325946,36
693,65.4841035465,1,1,2,42.2877595667,safe,6.94450919377,36
694,65.5153543106,1,1,2,42.3190094251,safe,6.97575844871,36
695,65.5466485429,1,1,2,42.3503042608,safe,7.00705358619,36
696,65.5778799877,1,1,2,42.3815348004,safe,7.03828352178,37
697,65.6091376948,1,1,2,42.4127925071,safe,7.06954153068,37
698,65.6310180896,1,1,2,42.4346735058,safe,7.09142252943,37
699,65.6530898642,1,1,2,42.4567455822,safe,7.11349551147,37
700,65.6842884063,1,1,2,42.4879441243,safe,7.14469375182,37
701,65.715544906,1,1,2,42.5192003218,safe,7.17594934534,37
702,65.7468219316,1,1,2,42.55047765,safe,7.20722697536,37
703,65.7781049949,1,1,2,42.5817601094,safe,7.23850883124,37
704,65.8093726635,1,1,2,42.6130283815,safe,7.26977770682,38
705,65.8405603385,1,1,2,42.644215453,safe,7.30096447654,38
706,65.8717911798,1,1,2,42.675446596,safe,7.33219561959,38
707,65.9030775633,1,1,2,42.7067338852,safe,7.36348351231,38
708,65.9343367796,1,1,2,42.7379918937,safe,7.39474061551,38
709,65.9655757709,1,1,2,42.7692317911,safe,7.42598141823,38
710,65.9968298557,1,1,2,42.8004849697,safe,7.45723399334,38
711,66.0281428029,1,1,2,42.8317985213,safe,7.48854814842,38
712,66.0593129704,1,1,2,42.8629683866,safe,7.5197180137,39
713,66.0905573955,1,1,2,42.8942125095,safe,7.55096123135,39
714,66.1218232526,1,1,2,42.9254795741,safe,7.58222920168,39
715,66.1531072212,1,1,2,42.956763241,safe,7.61351286853,39
716,66.1843075743,1,1,2,42.9879629905,safe,7.64471171238,39
717,66.2155966749,1,1,2,43.0192520912,safe,7.67600171827,39
718,66.2468715878,1,1,2,43.0505264006,safe,7.70727542415,39
719,66.2782156272,1,1,2,43.0818713452,safe,7.73862097226,40
720,66.309330252,1,1,2,43.1129856682,safe,7.76973438961,40
721,66.3405858455,1,1,2,43.1442415635,safe,7.8009905871,40
722,66.3718658905,1,1,2,43.1755225137,safe,7.83227244299,40
723,66.4030876756,1,1,2,43.2067433936,safe,7.86349302111,40
724,66.4343209318,1,1,2,43.2379760463,safe,7.89472476812,40
725,66.4655985618,1,1,2,43.2692542798,safe,7.92600360513,40
726,66.4968713615,1,1,2,43.3005273812,safe,7.95727731055,41
727,66.5280910339,1,1,2,43.3317461484,safe,7.98849486979,41
728,66.55936806,1,1,2,43.363023778,safe,8.01977340505,41
729,66.5905877324,1,1,2,43.3942431486,safe,8.05099217221,41
730,66.6218493632,1,1,2,43.4255053834,safe,8.08225470874,41
731,66.6531067686,1,1,2,43.4567615809,safe,8.11351060448,41
732,66.6844013021,1,1,2,43.4880570206,safe,8.14480664767,41
733,66.7155910907,1,1,2,43.519245903,safe,8.17599522835,41
734,66.7468832093,1,1,2,43.5505389278,safe,8.20728855487,41
735,66.7781557078,1,1,2,43.5818108218,safe,8.23855954362,41
736,66.8093965105,1,1,2,43.6130525302,safe,8.2698021573,41
737,66.8406228237,1,1,2,43.6442788434,safe,8.30102816876,40
738,66.8718482316,1,1,2,43.6755033457,safe,8.33225206751,40
739,66.9031901574,1,1,2,43.7068458754,safe,8.36359520117,40
740,66.9343681731,1,1,2,43.7380232876,safe,8.39477231121,40
741,66.9656168241,1,1,2,43.7692734478,safe,8.42602277314,40
742,67.0018917629,1,1,2,43.8055465752,safe,8.46229559882,40
743,67.0281669521,1,1,2,43.8318226701,safe,8.48857259937,40
744,67.0593525139,1,1,2,43.8630073266,safe,8.5197563502,40
745,67.0906500667,1,1,2,43.8943060865,safe,8.55105571402,39
746,67.121898416,1,1,2,43.92555353,safe,8.58230255358,39
747,67.1531186919,1,1,2,43.9567735046,safe,8.61352222599,39
748,67.1844222816,1,1,2,43.9880789053,safe,8.64482853282,39
749,67.2156078438,1,1,2,44.0192626561,safe,8.67601137795,39
750,67.24691083,1,1,2,44.050566548,safe,8.7073161751,39
751,67.2781573678,1,1,2,44.0818121801,safe,8.73856090195,39
752,67.3093815683,1,1,2,44.1130363806,safe,8.76978540421,38
753,67.3406598018,1,1,2,44.1443152176,safe,8.80106454343,38
754,67.371920527,1,1,2,44.1755762449,safe,8.8323258725,38
755,67.4031395959,1,1,2,44.2067953139,safe,8.86354433745,38
756,67.4344235645,1,1,2,44.2380789807,safe,8.89482830605,38
757,67.465630257,1,1,2,44.2692856733,safe,8.92603439465,38
758,67.4969332432,1,1,2,44.3005889612,safe,8.95733858831,38
759,67.5281501985,1,1,2,44.3318050113,safe,8.98855403485,37
760,67.5594465439,1,1,2,44.3631022619,safe,9.01985219074,37
761,67.5906369356,1,1,2,44.3942917483,safe,9.05104046967,37
762,67.6218876997,1,1,2,44.4255437194,safe,9.08229304524,37
763,67.6531505384,1,1,2,44.4568059547,safe,9.11355467606,37
764,67.6844166974,1,1,2,44.4880724153,safe,9.14482204244,37
765,67.7156855729,1,1,2,44.5193421966,safe,9.17609182373,37
766,67.7469097734,1,1,2,44.5505654914,safe,9.20731511852,37
767,67.7782003833,1,1,2,44.5818557991,safe,9.23860482266,37
768,67.8094991432,1,1,2,44.6131548611,safe,9.26990448823,36
769,67.8406662918,1,1,2,44.6443214058,safe,9.30107012764,36
770,67.8719451288,1,1,2,44.6756017525,safe,9.33235107781,36
771,67.9031599713,1,1,2,44.7068147841,safe,9.36356380768,36
772,67.9344614483,1,1,2,44.7381171663,safe,9.39486679342,36
773,67.9657007414,1,1,2,44.7693579691,safe,9.42610729439,36
774,67.9969333941,1,1,2,44.8005882064,safe,9.45733722998,36
775,68.0281612165,1,1,2,44.831816331,safe,9.48856505286,35
776,68.0593980951,1,1,2,44.8630526057,safe,9.51980162924,35
777,68.0907013831,1,1,2,44.8943574028,safe,9.55110672815,35
778,68.1219723718,1,1,2,44.9256283916,safe,9.5823777169,35
779,68.1531851012,1,1,2,44.956839914,safe,9.61358923931,35
780,68.18445609,1,1,2,44.988111808,safe,9.64486143552,35
781,68.2156624808,1,1,2,45.0193181988,safe,9.67606722238,35
782,68.2469820692,1,1,2,45.0506374855,safe,9.70738711255,34
783,68.2783218822,1,1,2,45.0819776002,safe,9.73872722732,34
784,68.3094256399,1,1,2,45.1130807544,safe,9.769829778,34
785,68.3406921006,1,1,2,45.1443487243,safe,9.80109835183,34
786,68.3719594674,1,1,2,45.1756145814,safe,9.83236360503,34
787,68.4032268338,1,1,2,45.2068825518,safe,9.86363187712,34
788,68.4344504303,1,1,2,45.2381052426,safe,9.89485456795,34
789,68.4657343989,1,1,2,45.2693901169,safe,9.92613974446,33
790,68.496954977,1,1,2,45.3006097893,safe,9.95735911513,33
791,68.5281975907,1,1,2,45.3318539127,safe,9.98860323802,33
792,68.5594712961,1,1,2,45.3631270146,safe,10.0198766417,33
793,68.5906843278,1,1,2,45.3943391405,safe,10.0510887676,33
794,68.6220434601,1,1,2,45.4256997816,safe,10.0824494092,33
795,68.6532495487,1,1,2,45.456904361,safe,10.1136536864,32
796,68.6844544299,1,1,2,45.4881095444,safe,10.1448582658,32
797,68.7157562086,1,1,2,45.5194116249,safe,10.176161252,32
798,68.746947506,1,1,2,45.5506026205,safe,10.2073516441,32
799,68.7782284562,1,1,2,45.5818841741,safe,10.2386341034,32
800,68.8094985392,1,1,2,45.6131545594,safe,10.2699044882,32
801,68.8407182116,1,1,2,45.6443730243,safe,10.3011220479,32
802,68.8720320649,1,1,2,45.6756874812,safe,10.3324371083,32
803,68.9032115894,1,1,2,45.7068664022,safe,10.3636154258,31
804,68.9345109533,1,1,2,45.7381666712,safe,10.3949162988,31
805,68.9657276073,1,1,2,45.7693827213,safe,10.4261317449,31
806,68.996974749,1,1,2,45.8006295613,safe,10.4573782831,31
807,69.0282282298,1,1,2,45.8318845513,safe,10.4886341789,31
808,69.0594672211,1,1,2,45.8631229391,safe,10.5198725667,31
809,69.0907499827,1,1,2,45.8944057007,safe,10.5511556296,31
810,69.1220082934,1,1,2,45.9256640114,safe,10.5824136385,31
811,69.1532373233,1,1,2,45.9568921356,safe,10.6136411591,30
812,69.1844627312,1,1,2,45.9881175435,safe,10.6448662654,30
813,69.2157633021,1,1,2,46.0194187183,safe,10.6761683458,30
814,69.2469512792,1,1,2,46.0506060915,safe,10.7073551151,30
815,69.2783964416,1,1,2,46.0820524618,safe,10.7388020889,30
816,69.3095005015,1,1,2,46.1131553138,safe,10.7699043374,29
817,69.3407419077,1,1,2,46.1443976257,safe,10.8011472533,29
818,69.3719860311,1,1,2,46.1756414473,safe,10.8323904709,29
819,69.4032612457,1,1,2,46.2069169637,safe,10.8636665912,29
820,69.4344857479,1,1,2,46.2381408624,safe,10.894889886,29
821,69.4657857153,1,1,2,46.2694417355,safe,10.9261913626,29
822,69.4970144439,1,1,2,46.3006701618,safe,10.9574197889,28
823,69.5282688299,1,1,2,46.3319239444,safe,10.988672968,28
824,69.5595271406,1,1,2,46.3631825568,safe,11.0199321839,28
825,69.5907866587,1,1,2,46.3944429806,ready,0.0265359971672,28
826,69.6220150851,1,1,2,46.425671407,ready,0.057765328791,28
827,69.6533126375,1,1,2,46.4569686577,ready,0.0890619759448,28
828,69.6845108778,1,1,2,46.488166898,ready,0.120260216296,28
829,69.7157725091,1,1,2,46.5194276231,ready,0.151520639658,27
830,69.7470585909,1,1,2,46.5507143089,ready,0.182807627134,27
831,69.7783310888,1,1,2,46.5819859016,ready,0.214079219848,27
832,69.8095063879,1,1,2,46.6131615019,ready,0.245255122427,27
833,69.8407716411,1,1,2,46.6444273591,ready,0.276520677377,27
834,69.8720486672,1,1,2,46.6757046869,ready,0.307798307389,27
835,69.9032583782,1,1,2,46.7069134926,ready,0.339006509166,27
836,69.9345553271,1,1,2,46.7382113468,ready,0.370304665063,27
837,69.965858615,1,1,2,46.7695134273,ready,0.401687342674,27
838,69.9970731558,1,1,2,46.8007288738,ready,0.432822493836,26
839,70.0282729054,1,1,2,46.8319277177,ready,0.464020734187,26
840,70.0595103875,1,1,2,46.8631651998,ready,0.49525821628,26
841,70.0908006951,1,1,2,46.8944567153,ready,0.526550335344,26
842,70.1220647413,1,1,2,46.9257204593,ready,0.557813777588,26
843,70.1532943752,1,1,2,46.9569494892,ready,0.589042505715,25
844,70.1845354796,1,1,2,46.9881902919,ready,0.620283610187,25
845,70.2157853381,1,1,2,47.0194413578,ready,0.6515349783,25
846,70.2470457619,1,1,2,47.0507014799,ready,0.682795401663,25
847,70.27832158,1,1,2,47.0819766945,ready,0.714069711044,25
848,70.3095548362,1,1,2,47.1132102525,ready,0.745303570759,25
849,70.3408016763,1,1,2,47.1444573943,ready,0.776551014744,25
850,70.3720503272,1,1,2,47.1757054417,ready,0.807798156515,24
851,70.3886976596,1,1,2,47.1923527741,ready,0.824445488863,24
852,70.4198962022,1,1,2,47.2235519201,ready,0.85564554017,24
853,70.4510868955,1,1,2,47.2547426135,ready,0.886835630052,24
854,70.4823696571,1,1,2,47.2860250734,ready,0.918118391652,24
855,70.5136198173,1,1,2,47.3172746301,ready,0.949367646594,24
856,70.5448926175,1,1,2,47.3485483355,ready,0.98064195551,24
857,70.5761128934,1,1,2,47.3797680079,ready,1.01186072268,23
858,70.6073838822,1,1,2,47.4110399024,ready,1.04313322064,23
859,70.6386249866,1,1,2,47.4422801011,ready,1.0743728159,23
860,70.6614239449,1,1,2,47.4650790589,ready,1.09717237717,23
861,70.69271546,1,1,2,47.4963708762,ready,1.12846419448,23
862,70.7239182279,1,1,2,47.5275727389,ready,1.15966575546,23
863,70.7551997821,1,1,2,47.5588551983,ready,1.19094881834,23
864,70.7864752989,1,1,2,47.590130413,ready,1.22222342947,23
865,70.817706442,1,1,2,47.6213618582,ready,1.25345547823,23
866,70.848915549,1,1,2,47.6525706635,ready,1.28466368001,22
867,70.8802248742,1,1,2,47.683880894,ready,1.31597421272,22
868,70.9114140589,1,1,2,47.7150694751,ready,1.34716218943,22
869,70.9427046683,1,1,2,47.7463603863,ready,1.37845370499,22
870,70.9739644881,1,1,2,47.7776193009,ready,1.4097123174,22
871,71.0052261194,1,1,2,47.8088821392,ready,1.44097575964,22
872,71.0363875325,1,1,2,47.8400423452,ready,1.47213536175,22
873,71.0676908204,1,1,2,47.8713468406,ready,1.50344046066,21
874,71.0988730621,1,1,2,47.9025281765,ready,1.53462089133,21
875,71.1301642759,1,1,2,47.9338208991,ready,1.5659145196,21
876,71.1614428111,1,1,2,47.9650976234,ready,1.59719063994,21
877,71.1927400618,1,1,2,47.9963957798,ready,1.62848939979,21
878,71.2239398113,1,1,2,48.0275952276,ready,1.65968794189,21
879,71.2552286098,1,1,2,48.0588843278,ready,1.69097764604,21
880,71.2865219363,1,1,2,48.0901770508,ready,1.72227006732,20
881,71.3177422122,1,1,2,48.1213979307,ready,1.75349124894,20
882,71.3489323026,1,1,2,48.1525877188,ready,1.78468043311,20
883,71.3802476646,1,1,2,48.1839033826,ready,1.81599700311,20
884,71.4114474142,1,1,2,48.2151025287,ready,1.84719554521,20
885,71.4427328925,1,1,2,48.2463886105,ready,1.87848223094,20
886,71.4739561873,1,1,2,48.2776113013,ready,1.9097043178,20
887,71.5052902647,1,1,2,48.3089459827,ready,1.94103930146,19
888,71.5364706954,1,1,2,48.3401255077,ready,1.9722185242,19
889,71.5677555697,1,1,2,48.3714115894,ready,2.00350551168,19
890,71.5989142661,1,1,2,48.4025693806,ready,2.03466239711,19
891,71.6302755116,1,1,2,48.4339312296,ready,2.06602484966,19
892,71.6614767704,1,1,2,48.4651321867,ready,2.09722490096,19
893,71.6927713044,1,1,2,48.4964270224,ready,2.12852094416,18
894,71.7239903728,1,1,2,48.5276451856,ready,2.15973820211,18
895,71.7552580414,1,1,2,48.5589140612,ready,2.19100768119,18
896,71.7864762042,1,1,2,48.5901316204,ready,2.22222463693,18
897,71.8177529285,1,1,2,48.6214086465,ready,2.25350226695,18
898,71.8489188696,1,1,2,48.6525736819,ready,2.28466639668,18
899,71.8802985284,1,1,2,48.6839542463,ready,2.31604786683,18
900,71.9114756384,1,1,2,48.7151304507,ready,2.34722346719,18
901,71.9428245071,1,1,2,48.7464805273,ready,2.37857354386,17
902,71.9739877316,1,1,2,48.7776428461,ready,2.40973556042,17
903,72.005294038,1,1,2,48.8089500582,ready,2.44104397995,17
904,72.0365007306,1,1,2,48.840155845,ready,2.47224886157,17
905,72.0677943588,1,1,2,48.871450379,ready,2.50354399905,17
906,72.0989826377,1,1,2,48.9026377522,ready,2.53473076876,17
907,72.1302952832,1,1,2,48.9339510016,ready,2.56604431989,17
908,72.1615375951,1,1,2,48.9651924078,ready,2.59728542436,17
909,72.1927910764,1,1,2,48.9964467944,ready,2.62854011264,17
910,72.2239938444,1,1,2,49.0276486566,ready,2.65974167315,17
911,72.2552850577,1,1,2,49.0589410779,ready,2.69103469793,17
912,72.2865681211,1,1,2,49.0902229333,ready,2.72231594985,18
913,72.3177992641,1,1,2,49.1214549821,ready,2.75354830036,18
914,72.3489935803,1,1,2,49.1526483926,ready,2.78474140912,18
915,72.3803240354,1,1,2,49.1839803574,ready,2.81607397739,18
916,72.4115083902,1,1,2,49.2151638065,ready,2.84725682298,18
917,72.4427842088,1,1,2,49.2464399268,ready,2.87853354728,18
918,72.4740207857,1,1,2,49.2776755979,ready,2.90976861445,19
919,72.5053101876,1,1,2,49.3089662078,ready,2.9410598278,19
920,72.5365174836,1,1,2,49.3401725981,ready,2.97226531291,19
921,72.5678089992,1,1,2,49.371465019,ready,3.00355833722,19
922,72.5990214269,1,1,2,49.4026768431,ready,3.03476985963,19
923,72.6303244131,1,1,2,49.4339801311,ready,3.06607375108,19
924,72.6614764687,1,1,2,49.4651315827,ready,3.09722429747,19
925,72.6928262431,1,1,2,49.4964819611,ready,3.12857558113,19
926,72.7240265962,1,1,2,49.5276814089,ready,3.15977442544,20
927,72.7553120744,1,1,2,49.5589677924,ready,3.19106141245,20
928,72.7865308411,1,1,2,49.5901859556,ready,3.22227866994,20
929,72.8178878604,1,1,2,49.6215438801,ready,3.25363719882,20
930,72.8490121448,1,1,2,49.6526681646,ready,3.28476148285,20
931,72.8803371666,1,1,2,49.6839931863,ready,3.31608650461,20
932,72.9115254455,1,1,2,49.7151805595,ready,3.34727418004,20
933,72.9428296387,1,1,2,49.7464853572,ready,3.37857927894,21
934,72.9739816943,1,1,2,49.7776365071,ready,3.40972952358,21
935,73.0053366004,1,1,2,49.8089926206,ready,3.44108624058,21
936,73.0365586877,1,1,2,49.8402141039,ready,3.47230712045,21
937,73.0678420528,1,1,2,49.8714977708,ready,3.50359139126,21
938,73.0990309357,1,1,2,49.9026860497,ready,3.53477906622,21
939,73.1303215451,1,1,2,49.933977867,ready,3.56607118528,21
940,73.1615529903,1,1,2,49.9652078026,ready,3.59730081912,22
941,73.1928426945,1,1,2,49.9964984125,ready,3.62859203247,22
942,73.224051198,1,1,2,50.0277060103,ready,3.65979902679,22
943,73.2553596175,1,1,2,50.0590156373,ready,3.69110895554,22
944,73.2865678193,1,1,2,50.0902229333,ready,3.7223156481,22
945,73.3178834831,1,1,2,50.1215428235,ready,3.75363644399,22
946,73.3490593857,1,1,2,50.152714802,ready,3.78480751673,22
947,73.3803822948,1,1,2,50.1840389185,ready,3.81613253849,23
948,73.4115645364,1,1,2,50.2152199526,ready,3.84731296916,23
949,73.4428451848,1,1,2,50.2465012046,ready,3.87859482504,23
950,73.4741309648,1,1,2,50.2777866828,ready,3.90987969935,23
951,73.5053829364,1,1,2,50.3090389562,ready,3.9411325762,23
952,73.5365838935,1,1,2,50.3402390075,ready,3.97233202402,23
953,73.5678645414,1,1,2,50.3715202594,ready,4.0036138799,23
954,73.5990319918,1,1,2,50.4026871063,ready,4.03478012281,24
955,73.6304022931,1,1,2,50.4340589168,ready,4.06615253678,24
956,73.6615332183,1,1,2,50.4651883328,ready,4.09728134936,24
957,73.6929074437,1,1,2,50.4965634635,ready,4.12865678174,24
958,73.7240866665,1,1,2,50.5277414792,ready,4.15983449575,24
959,73.7553652017,1,1,2,50.5590209197,ready,4.19111423846,24
960,73.7866195883,1,1,2,50.5902747028,ready,4.22236771928,24
961,73.8178857472,1,1,2,50.6215417674,ready,4.25363508565,25
962,73.8490746301,1,1,2,50.6527294423,ready,4.28482245887,25
963,73.8803718807,1,1,2,50.6840288062,ready,4.31612272793,25
964,73.9116030238,1,1,2,50.7152581378,ready,4.34735115431,25
965,73.942903595,1,1,2,50.7465596148,ready,4.37865293305,25
966,73.9740976091,1,1,2,50.7777524213,ready,4.40984574007,25
967,74.0053897281,1,1,2,50.8090451444,ready,4.44113876438,25
968,74.0366051747,1,1,2,50.8402602887,ready,4.47235300345,26
969,74.0678912564,1,1,2,50.8715469744,ready,4.50364059443,26
970,74.0990825538,1,1,2,50.9027376682,ready,4.53483068477,26
971,74.1303921808,1,1,2,50.9340497102,ready,4.56614333019,26
972,74.1616030992,1,1,2,50.9652582137,ready,4.59735122975,26
973,74.1928918976,1,1,2,50.9965473139,ready,4.62864093436,26
974,74.2241091551,1,1,2,51.0277639679,ready,4.65985668218,27
975,74.2553813513,1,1,2,51.0590367676,ready,4.69113038806,27
976,74.2866206449,1,1,2,51.0902754571,ready,4.72236847365,27
977,74.3179438557,1,1,2,51.1215992719,ready,4.75369319366,27
978,74.349127003,1,1,2,51.1527824188,ready,4.78487543529,27
979,74.3803998027,1,1,2,51.1840555207,ready,4.81614883896,27
980,74.4116188716,1,1,2,51.2152739856,ready,4.84736700216,27
981,74.4428922748,1,1,2,51.2465476911,ready,4.87864131154,28
982,74.4741222109,1,1,2,51.2777770231,ready,4.90987003967,28
983,74.5054076887,1,1,2,51.3090634067,ready,4.94115702715,28
984,74.5366240409,1,1,2,51.3402791549,ready,4.97237186972,28
985,74.5679372903,1,1,2,51.3715927061,ready,5.00368632656,28
986,76.2257902194,1,2,4,1.6522368053,square,1.65223650308,29
987,76.3507667119,1,2,4,1.77721269429,square,1.77721239207,29
988,76.4756949064,1,2,4,1.90214270027,square,1.90214360552,29
989,76.6006988683,1,2,4,2.02714636037,square,2.02714696387,28
990,76.72570766,1,2,4,2.1521554538,square,2.15215666126,28
991,76.8507182631,1,2,4,2.27716726391,square,2.27716847137,28
992,76.9757225267,1,2,4,2.40217032051,square,2.4021715275,29
993,77.1007132069,1,2,4,2.52716190601,square,2.52716281125,29
994,77.2257346767,1,2,4,2.65218247008,square,2.65218367754,30
995,77.350770032,1,2,4,2.77721782587,square,2.77721903287,30
996,77.4757368653,1,2,4,2.90218465868,square,2.9021855644,31
997,77.6007547127,1,2,4,3.02720250655,square,3.02720371354,32
998,77.7257553544,1,2,4,3.15220314777,square,3.15220435522,33
999,77.8507988597,1,2,4,3.27724665357,square,3.27724786056,33
1000,77.9757518074,1,2,4,3.40219960082,square,3.40220050653,34
1001,78.1007521469,1,2,4,3.527200846,square,3.52720235521,34
1002,78.2257847856,1,2,4,3.65223257942,square,3.65223378642,35
1003,78.3508307063,1,2,4,3.77727880189,square,3.77728031063,35
1004,78.4757963317,1,2,4,3.90224412549,square,3.90224533249,36
1005,78.6008271594,1,2,4,4.02727495274,square,4.0272761602,37
1006,78.7258863617,1,2,4,4.15233475901,square,4.15233596647,37
1007,78.8508368945,1,2,4,4.27728468785,square,4.27728589531,38
1008,78.975802822,1,2,4,4.40225061541,square,4.40225152066,38
1009,79.1008070856,1,2,4,4.52725548297,square,4.52725669043,39
1010,79.2258333853,1,2,4,4.65228148084,square,4.65228268784,39
1011,79.3508847393,1,2,4,4.77733253315,square,4.77733374014,40
1012,79.475846441,1,2,4,4.90229453612,square,4.90229574358,40
1013,79.6008887389,1,2,4,5.02733653272,square,5.02733773971,40
1014,79.7258800226,1,2,4,5.15232841996,square,5.15232962742,39
1015,79.8508728161,1,2,4,5.27732060943,square,5.27732151467,39
1016,79.9758728538,1,2,4,5.40232064715,square,5.40232185461,38
1017,80.1008662502,1,2,4,5.52731494932,square,5.52731615677,38
1018,80.2258880222,1,2,4,5.65233611735,square,5.65233732481,38
1019,80.3509433004,1,2,4,5.77739109378,square,5.77739230124,37
1020,80.4759134538,1,2,4,5.90236154944,square,5.90236275643,37
1021,80.6009174157,1,2,4,6.02736520953,square,6.02736641653,36
1022,80.7259349613,1,2,4,6.15238305693,square,6.15238396218,36
1023,80.8509232267,1,2,4,6.27737132227,square,6.27737222752,35
1024,80.9759130012,1,2,4,6.4023607946,square,6.40236170031,35
1025,81.1009121332,1,2,4,6.52736083232,square,6.52736234153,34
1026,81.2259456776,1,2,4,6.6523937732,square,6.65239467844,34
1027,81.3509472245,1,2,4,6.77739501838,square,6.77739652712,33
1028,81.4759617518,1,2,4,6.90240984689,square,6.90241075261,33
1029,81.600971147,1,2,4,7.02741924254,square,7.02742045,32
1030,81.7260306515,1,2,4,7.15247844486,square,7.15247965232,32
1031,81.8509778637,1,2,4,7.27742595877,square,7.27742716623,31
1032,81.9759842404,1,2,4,7.40243233554,square,7.402433543,31
1033,82.1009809575,1,2,4,7.52742844913,square,7.52742935484,30
1034,82.22598824,1,2,4,7.6524348259,square,7.6524348259,29
1035,82.3510115212,1,2,4,7.77745961631,square,7.77746112552,29
1036,82.4760127664,1,2,4,7.90246086149,square,7.90246237069,28
1037,82.6010245765,1,2,4,8.02747236984,square,8.0274735773,28
1038,82.7260261234,1,2,4,8.15247391723,square,8.15247512423,27
1039,82.8511363408,1,2,4,8.27758443588,square,8.2775853416,26
1040,82.9635167774,1,2,4,8.38996426901,square,8.38996517425,26
1041,83.0795817291,1,2,4,8.50603042822,square,8.50603133393,27
1042,83.2046309705,1,2,4,8.63107846212,square,8.63107936736,27
1043,83.3295875401,1,2,4,8.75603473,square,8.75603563525,28
1044,83.4546159529,1,2,4,8.88106314233,square,8.88106404804,29
1045,83.5796018029,1,2,4,9.0060495967,square,9.00605050195,29
1046,83.7046202542,1,2,4,9.13106834982,square,9.13106925506,30
1047,83.8295888985,1,2,4,9.25603548437,square,9.25603548437,30
1048,83.9546601754,1,2,4,9.38110796874,square,9.38111068541,31
1049,84.0796822491,1,2,4,9.50613004249,square,9.50613094773,32
1050,84.2046765513,1,2,4,9.63112404291,square,9.63112525037,32
1051,84.329621952,1,2,4,9.75606853841,square,9.75606884016,33
1052,84.4547240189,1,2,4,9.88117151055,square,9.88117241627,33
1053,84.5796431578,1,2,4,10.0060906494,square,10.0060915551,34
1054,84.704703568,1,2,4,10.1311513614,square,10.1311525689,34
1055,84.829696361,1,2,4,10.2561444566,square,10.2561456636,35
1056,84.9547099825,1,2,4,10.3811571724,square,10.3811580776,36
1057,85.079679532,1,2,4,10.5061270241,square,10.5061276276,36
1058,85.20473149,1,2,4,10.6311792834,square,10.6311801891,37
1059,85.3296762872,1,2,4,10.7561225714,square,10.7561225714,37
1060,85.4547677888,1,2,4,10.8812155821,square,10.8812164878,38
1061,85.5797379422,1,2,4,11.0061860378,square,11.0061872448,39
1062,85.7047473378,1,2,4,11.1311951312,square,11.1311960365,39
1063,85.829719604,1,2,4,11.2561661904,square,11.2561661904,40
1064,85.9547516392,1,2,4,11.3811994325,square,11.3812003382,40
1065,86.0797233018,1,2,4,11.5061704917,square,11.5061716991,41
1066,86.2047794857,1,2,4,11.6312275813,square,11.6312287888,41
1067,86.3297870699,1,2,4,11.7562348638,square,11.756235769,42
1068,86.4547792594,1,2,4,11.881226751,square,11.8812276567,42
1069,86.579781712,1,2,4,12.0062292037,square,12.0062301094,43
1070,86.7048297459,1,2,4,12.1312769358,square,12.1312775393,43
1071,86.8298309911,1,2,4,12.2562787845,square,12.2562796897,42
1072,86.9548026538,1,2,4,12.3812507493,square,12.3812513528,42
1073,87.0798201994,1,2,4,12.5062679928,square,12.5062692002,42
1074,87.2048443859,1,2,4,12.6312915757,square,12.6312918775,41
1075,87.3298408012,1,2,4,12.7562882933,square,12.7562891985,40
1076,87.4548329907,1,2,4,12.8812804823,square,12.881281388,40
1077,87.5798704592,1,2,4,13.0063185547,square,13.00631946,39
1078,87.7048638561,1,2,4,13.131311046,square,13.1313116495,39
1079,87.8298795908,1,2,4,13.2563270824,square,13.2563282894,38
1080,87.9548346512,1,2,4,13.3812821428,square,13.3812827463,38
1081,88.079834085,1,2,4,13.5062812748,square,13.5062821801,37
1082,88.2048827223,1,2,4,13.6313308179,square,13.6313323271,37
1083,88.3299005697,1,2,4,13.7563483636,square,13.7563498728,36
1084,88.4548936649,1,2,4,13.8813408548,square,13.88134176,36
1085,88.5798716666,1,2,4,14.0063191582,square,14.006320064,35
1086,88.7049299637,1,2,4,14.1313780588,square,14.1313789645,34
1087,88.8299251716,1,2,4,14.2563726632,square,14.2563735689,34
1088,88.954880836,1,2,4,14.3813283276,square,14.3813289311,33
1089,89.0799361141,1,2,4,14.5063839075,square,14.506385115,33
1090,89.204924983,1,2,4,14.6313727763,square,14.6313733798,32
1091,89.3299832796,1,2,4,14.7564310734,square,14.7564319787,32
1092,89.4549555462,1,2,4,14.88140334,square,14.881404547,31
1093,89.5799818458,1,2,4,15.0064290357,square,15.0064299414,31
1094,89.7049670927,1,2,4,15.1314145843,square,15.1314151878,30
1095,89.8299792046,1,2,4,15.2564266962,square,15.2564276019,29
1096,89.9550556131,1,2,4,15.3815018977,square,15.3815012937,29
1097,90.0800414635,1,2,4,15.5064880494,square,15.5064877477,29
1098,90.2050804412,1,2,4,15.6315267254,square,15.6315264236,28
1099,90.3299618475,1,2,4,15.7564084339,square,15.7564084334,28
1100,90.4550273893,1,2,4,15.8814757867,square,15.8814769937,28
1101,90.5800219933,1,2,4,16.0064694853,square,16.0064709946,27
1102,90.7049876191,1,2,4,16.131434809,square,16.1314351107,27
1103,90.8300308231,1,2,4,16.2564786165,square,16.256479824,27
1104,90.9549979577,1,2,4,16.3814448458,square,16.3814457511,28
1105,91.0800704421,1,2,4,16.5065185376,square,16.5065197451,28
1106,91.2050433126,1,2,4,16.631490502,square,16.6314926152,29
1107,91.3300536135,1,2,4,16.7565011051,square,16.7565020104,29
1108,91.455014409,1,2,4,16.8814619011,square,16.8814622024,29
1109,91.5800669705,1,2,4,17.0065147644,square,17.0065156696,30
1110,91.7050772719,1,2,4,17.1315250653,square,17.131525971,30
1111,91.8300788188,1,2,4,17.2565263105,square,17.2565272162,31
1112,91.9550559153,1,2,4,17.3815031052,square,17.3815034064,31
1113,92.0801042505,1,2,4,17.5065520443,square,17.5065532513,32
1114,92.205085271,1,2,4,17.6315327627,square,17.6315336684,32
1115,92.3259021188,1,2,4,17.7523496109,square,17.7523505162,33
1116,92.4510093173,1,2,4,17.8774568089,square,17.8774580164,34
1117,92.5759426439,1,2,4,18.0023904373,square,18.0023916448,34
1118,92.7009121939,1,2,4,18.1273587798,square,18.1273587798,35
1119,92.8259813576,1,2,4,18.252429151,square,18.2524297545,35
1120,92.9509521145,1,2,4,18.3773996066,square,18.3774002101,36
1121,93.0759159294,1,2,4,18.5023640245,square,18.502364628,37
1122,93.2010276555,1,2,4,18.6274739397,square,18.6274733357,37
1123,93.3259848291,1,2,4,18.7524305093,square,18.7524299058,38
1124,93.451040409,1,2,4,18.8774866932,square,18.8774860897,38
1125,93.5759649817,1,2,4,19.0024130768,square,19.0024142843,39
1126,93.7010078835,1,2,4,19.1274550734,square,19.1274556769,39
1127,93.8260042989,1,2,4,19.2524517905,square,19.2524526962,40
1128,93.9510034313,1,2,4,19.3774521304,square,19.3774530357,40
1129,94.0759841497,1,2,4,19.5024316413,square,19.5024322448,41
1130,94.2010403336,1,2,4,19.6274884292,square,19.6274893344,41
1131,94.3260569735,1,2,4,19.7525044656,square,19.7525050691,41
1132,94.4511083281,1,2,4,19.8775555175,square,19.8775567249,41
1133,94.5760226371,1,2,4,20.002469827,square,20.0024707322,40
1134,94.7010389753,1,2,4,20.1274867686,square,20.1274876744,40
1135,94.8260592376,1,2,4,20.2525064275,square,20.252507031,39
1136,94.9510520305,1,2,4,20.3774992204,square,20.3775001261,39
1137,95.0760384849,1,2,4,20.5024856748,square,20.5024862783,38
1138,95.2010638788,1,2,4,20.6275113705,square,20.6275122757,37
1139,95.3260856504,1,2,4,20.752533142,square,20.7525340477,37
1140,95.4511557198,1,2,4,20.8776038154,square,20.8776050229,36
1141,95.576109875,1,2,4,21.0025576684,square,21.0025591776,36
1142,95.7010842543,1,2,4,21.1275317459,square,21.1275326516,35
1143,95.8261528146,1,2,4,21.2526012119,square,21.2526021171,34
1144,95.9511172329,1,2,4,21.3775644228,square,21.377565328,34
1145,96.0761384009,1,2,4,21.5025867978,square,21.5025877035,33
1146,96.2011022153,1,2,4,21.6275484995,square,21.627548499,33
1147,96.3261991502,1,2,4,21.7526472458,square,21.752648755,33
1148,96.4511690019,1,2,4,21.8776170975,square,21.8776180027,33
1149,96.5761300996,1,2,4,22.0025772895,square,22.002577893,33
